dates,actual_shore,predicted_shore,,,date
31/01/2021,391.1146814,384.21997,,,1999-10-22
1/02/2021,391.1568284,383.64642,,,1999-11-07
2/02/2021,391.198991,382.56738,,,1999-12-09
3/02/2021,391.241197,381.65234,,,1999-12-25
4/02/2021,391.283475,381.65463,,,2000-03-14
5/02/2021,391.3258545,382.39655,,,2000-03-30
6/02/2021,391.3683656,382.67685,,,2000-05-01
7/02/2021,391.4110395,382.9829,,,2000-08-05
8/02/2021,391.451433,383.52097,,,2000-12-11
9/02/2021,391.4896545,383.98148,,,2001-01-12
10/02/2021,391.5242638,384.43152,,,2001-02-13
11/02/2021,391.5553234,384.9098,,,2001-03-01
12/02/2021,391.5828959,385.51086,,,2001-06-05
13/02/2021,391.6070438,386.20496,,,2001-06-21
14/02/2021,391.6278298,385.77448,,,2001-08-24
15/02/2021,391.6453167,385.50137,,,2001-09-09
16/02/2021,391.6595672,386.52777,,,2001-09-25
17/02/2021,391.6706442,386.20667,,,2001-10-11
18/02/2021,391.6786106,385.72876,,,2002-01-15
19/02/2021,391.6835294,384.4842,,,2002-03-20
20/02/2021,391.6854635,384.27216,,,2002-04-05
21/02/2021,391.684476,384.52982,,,2002-08-27
22/02/2021,391.6806301,384.5964,,,2002-10-14
23/02/2021,391.6739891,384.4406,,,2002-12-01
24/02/2021,391.664616,383.97794,,,2003-01-02
25/02/2021,391.6525744,383.15057,,,2003-01-18
26/02/2021,391.6379274,381.71506,,,2003-05-26
27/02/2021,391.6207387,381.20374,,,2003-07-21
28/02/2021,391.6010716,380.8891,,,2003-08-06
1/03/2021,391.5789897,380.73676,,,2003-09-07
2/03/2021,391.5545566,381.04382,,,2003-10-17
3/03/2021,391.5278361,381.35654,,,2003-10-25
4/03/2021,391.4988917,381.96652,,,2003-11-02
5/03/2021,391.4677874,382.52747,,,2003-11-18
6/03/2021,391.434016,382.84924,,,2003-12-04
7/03/2021,391.3976243,383.3717,,,2004-01-05
8/03/2021,391.3586589,383.76367,,,2004-01-21
9/03/2021,391.3171667,383.8059,,,2004-02-06
10/03/2021,391.2731941,383.81042,,,2004-02-14
11/03/2021,391.2267878,383.12903,,,2004-03-01
12/03/2021,391.1779943,384.0611,,,2004-03-25
13/03/2021,391.1268602,384.3662,,,2004-04-02
14/03/2021,391.0734317,384.57025,,,2004-04-18
15/03/2021,391.0177555,384.43347,,,2004-05-04
16/03/2021,390.9598778,384.54773,,,2004-05-12
17/03/2021,390.8998449,384.88095,,,2004-05-20
18/03/2021,390.8377032,385.0609,,,2004-05-28
19/03/2021,390.7734987,384.56976,,,2004-07-07
20/03/2021,390.7072779,383.8001,,,2004-07-23
21/03/2021,390.6390866,382.9016,,,2004-08-16
22/03/2021,390.5689712,382.38416,,,2004-09-25
23/03/2021,390.4969775,382.0208,,,2004-10-19
24/03/2021,390.4231517,381.65253,,,2004-11-04
25/03/2021,390.3475397,380.67804,,,2005-01-15
26/03/2021,390.2701873,381.36078,,,2005-02-08
27/03/2021,390.1911405,381.7406,,,2005-02-16
28/03/2021,390.109775,382.01953,,,2005-02-24
29/03/2021,390.0261569,382.16064,,,2005-03-12
30/03/2021,389.9403524,382.3745,,,2005-04-21
31/03/2021,389.8524275,382.72778,,,2005-04-29
1/04/2021,389.7624478,382.43674,,,2005-05-23
2/04/2021,389.6704791,382.2431,,,2005-06-08
3/04/2021,389.5765867,382.05652,,,2005-08-03
4/04/2021,389.4808359,382.00757,,,2005-08-19
5/04/2021,389.3832919,381.72717,,,2005-09-20
6/04/2021,389.2840194,381.5811,,,2005-10-06
7/04/2021,389.1824804,381.3147,,,2005-11-15
8/04/2021,389.0787214,380.86633,,,2005-12-09
9/04/2021,388.9727885,380.7011,,,2006-01-10
10/04/2021,388.8647278,380.60367,,,2006-02-11
11/04/2021,388.7545847,380.25293,,,2006-02-19
12/04/2021,388.6424047,379.8192,,,2006-03-31
13/04/2021,388.5294485,379.4423,,,2006-04-08
14/04/2021,388.4157237,378.87872,,,2006-05-02
15/04/2021,388.3012378,378.77167,,,2006-05-26
16/04/2021,388.1859985,379.0942,,,2006-06-19
17/04/2021,388.0700131,379.39105,,,2006-06-27
18/04/2021,387.9532892,379.69342,,,2006-07-13
19/04/2021,387.8358341,379.93378,,,2006-07-21
20/04/2021,387.7176551,379.88782,,,2006-09-07
21/04/2021,387.5987595,379.5249,,,2006-09-23
22/04/2021,387.4791545,379.39337,,,2006-10-09
23/04/2021,387.3588473,379.22787,,,2006-11-26
24/04/2021,387.2378451,379.23395,,,2006-12-13
25/04/2021,387.1161548,379.01715,,,2007-02-14
26/04/2021,386.9937835,377.66376,,,2007-03-02
27/04/2021,386.8707382,378.49512,,,2007-03-18
28/04/2021,386.7470258,378.74127,,,2007-05-05
29/04/2021,386.6226531,378.31763,,,2007-06-06
30/04/2021,386.497627,378.13016,,,2007-09-10
1/05/2021,386.3719541,377.97565,,,2007-09-18
2/05/2021,386.2456413,377.93243,,,2007-09-26
3/05/2021,386.1186952,377.76596,,,2007-10-12
4/05/2021,385.9911223,377.966,,,2007-10-28
5/05/2021,385.8629293,377.85397,,,2008-02-01
6/05/2021,385.7341225,377.7011,,,2008-04-21
7/05/2021,385.6047086,377.59888,,,2008-05-07
8/05/2021,385.4746938,377.646,,,2008-08-27
9/05/2021,385.3440845,377.33295,,,2008-12-09
10/05/2021,385.2128871,376.48196,,,2008-12-25
11/05/2021,385.0811076,377.3332,,,2009-01-02
12/05/2021,384.9487524,376.89117,,,2009-02-03
13/05/2021,384.8158276,376.29688,,,2009-03-23
14/05/2021,384.6823392,376.10004,,,2009-04-08
15/05/2021,384.5482933,376.52588,,,2009-07-13
16/05/2021,384.4136959,376.48956,,,2009-07-29
17/05/2021,384.2785529,376.5868,,,2010-01-05
18/05/2021,384.1428702,376.30237,,,2010-03-10
19/05/2021,384.0066536,376.3916,,,2010-03-26
20/05/2021,383.8699088,375.6444,,,2010-04-11
21/05/2021,383.7326417,376.81827,,,2010-05-29
22/05/2021,383.5948578,377.57632,,,2010-11-05
23/05/2021,383.4565628,377.89615,,,2010-12-07
24/05/2021,383.3177623,377.92944,,,2010-12-31
25/05/2021,383.1784618,378.08362,,,2011-01-16
26/05/2021,383.0386668,378.55997,,,2011-02-01
27/05/2021,382.8983825,378.99854,,,2011-02-25
28/05/2021,382.7576146,379.34656,,,2011-03-13
29/05/2021,382.6163681,379.66574,,,2011-03-29
30/05/2021,382.4746484,380.45563,,,2011-08-20
31/05/2021,382.3324607,380.89264,,,2011-09-05
1/06/2021,382.1898102,380.66486,,,2011-10-23
2/06/2021,382.0467019,379.87115,,,2012-01-27
3/06/2021,381.903141,378.90973,,,2012-03-15
4/06/2021,381.7591323,378.03296,,,2012-04-16
5/06/2021,381.6146809,377.74982,,,2012-05-02
6/06/2021,381.4697916,377.21228,,,2012-05-11
7/06/2021,381.3244693,376.32593,,,2012-08-06
8/06/2021,381.1787188,376.19147,,,2012-08-22
9/06/2021,381.0325448,376.10486,,,2012-10-25
10/06/2021,380.8866992,375.47778,,,2012-11-26
11/06/2021,380.7412089,375.29596,,,2012-12-12
12/06/2021,380.5961013,376.07077,,,2012-12-28
13/06/2021,380.4514034,375.7631,,,2013-01-13
14/06/2021,380.3071426,375.36682,,,2013-05-29
15/06/2021,380.1633463,376.27197,,,2013-06-22
16/06/2021,380.0200421,376.66748,,,2013-06-30
17/06/2021,379.8772575,375.4997,,,2013-07-08
18/06/2021,379.7350201,375.20297,,,2013-07-24
19/06/2021,379.5933577,376.03964,,,2013-08-17
20/06/2021,379.4522981,376.813,,,2013-08-25
21/06/2021,379.3118692,376.07928,,,2013-09-02
22/06/2021,379.1720991,377.36963,,,2013-10-20
23/06/2021,379.0330157,376.50082,,,2013-11-05
24/06/2021,378.8946473,375.9967,,,2013-12-07
25/06/2021,378.7570221,376.4016,,,2013-12-15
26/06/2021,378.6201684,375.58298,,,2014-02-01
27/06/2021,378.4841146,375.53806,,,2014-02-09
28/06/2021,378.3488892,374.77026,,,2014-02-25
29/06/2021,378.2145207,374.9128,,,2014-03-05
30/06/2021,378.081038,375.33932,,,2014-03-29
1/07/2021,377.9484696,375.58356,,,2014-04-22
2/07/2021,377.8168444,375.48846,,,2014-04-30
3/07/2021,377.6861914,375.10333,,,2014-05-16
4/07/2021,377.5565394,375.43762,,,2014-07-27
5/07/2021,377.4279177,375.07657,,,2014-08-04
6/07/2021,377.3003552,375.45218,,,2014-08-20
7/07/2021,377.1738814,375.67743,,,2014-09-05
8/07/2021,377.0485255,375.6259,,,2014-10-07
9/07/2021,376.9243169,375.47665,,,2014-11-08
10/07/2021,376.8012851,375.36087,,,2014-12-02
11/07/2021,376.6794597,375.33002,,,2014-12-18
12/07/2021,376.5588704,375.17105,,,2015-01-19
13/07/2021,376.4395469,374.93488,,,2015-01-27
14/07/2021,376.3215189,375.0551,,,2015-02-28
15/07/2021,376.2048166,374.9214,,,2015-03-16
16/07/2021,376.0894697,374.50006,,,2015-03-24
17/07/2021,375.9755084,374.2085,,,2015-05-19
18/07/2021,375.862368,373.8249,,,2015-07-06
19/07/2021,375.750097,373.1332,,,2015-07-14
20/07/2021,375.6387436,373.469,,,2015-07-22
21/07/2021,375.5283564,373.41956,,,2015-08-15
22/07/2021,375.4189836,373.71008,,,2015-08-23
23/07/2021,375.3106736,374.2013,,,2015-09-16
24/07/2021,375.2034747,374.06262,,,2015-10-18
25/07/2021,375.0974352,374.03436,,,2015-12-21
26/07/2021,374.9926032,373.27,,,2016-01-22
27/07/2021,374.8890271,373.7915,,,2016-02-23
28/07/2021,374.7867549,374.87122,,,2016-05-13
29/07/2021,374.6858349,375.39948,,,2016-05-21
30/07/2021,374.5863153,375.36984,,,2016-06-14
31/07/2021,374.488244,375.17725,,,2016-06-30
1/08/2021,374.3916692,374.86145,,,2016-07-24
2/08/2021,374.2966389,374.62225,,,2016-08-01
3/08/2021,374.2032012,374.25037,,,2016-08-17
4/08/2021,374.111404,374.2602,,,2016-09-10
5/08/2021,374.0212953,373.5653,,,2016-09-18
6/08/2021,373.9329231,373.99744,,,2016-10-12
7/08/2021,373.8463353,372.6261,,,2016-11-05
8/08/2021,373.7615797,372.7668,,,2016-11-21
9/08/2021,373.6787042,373.148,,,2017-01-16
10/08/2021,373.5977567,372.77725,,,2017-02-01
11/08/2021,373.5187849,372.78912,,,2017-02-09
12/08/2021,373.4418366,372.30603,,,2017-02-25
13/08/2021,373.3669596,372.54187,,,2017-03-05
14/08/2021,373.2942016,373.75516,,,2017-03-29
15/08/2021,373.2236103,372.50793,,,2017-04-06
16/08/2021,373.1552333,372.86084,,,2017-04-30
17/08/2021,373.0891184,373.869,,,2017-05-08
18/08/2021,373.025313,373.7474,,,2017-05-24
19/08/2021,372.9665505,373.68445,,,2017-06-17
20/08/2021,372.9127965,373.0257,,,2017-06-25
21/08/2021,372.8640166,373.0481,,,2017-07-03
22/08/2021,372.8201774,372.81256,,,2017-07-11
23/08/2021,372.7812457,372.6566,,,2017-08-04
24/08/2021,372.7471887,371.6372,,,2017-08-28
25/08/2021,372.7179743,372.5686,,,2017-09-29
26/08/2021,372.6935708,372.6731,,,2017-11-08
27/08/2021,372.6739468,372.54865,,,2017-12-02
28/08/2021,372.6590715,372.54245,,,2018-01-11
29/08/2021,372.6489148,373.1434,,,2018-01-19
30/08/2021,372.6434466,372.21722,,,2018-03-08
31/08/2021,372.6426378,372.1208,,,2018-04-01
1/09/2021,372.6464592,371.72366,,,2018-04-25
2/09/2021,372.6548826,371.26727,,,2018-05-03
3/09/2021,372.6678799,370.59607,,,2018-05-19
4/09/2021,372.6854238,369.3417,,,2018-05-27
5/09/2021,372.7074871,370.14536,,,2018-06-12
6/09/2021,372.7306815,370.98886,,,2018-06-28
7/09/2021,372.75488,371.11908,,,2018-07-22
8/09/2021,372.7799553,371.94547,,,2018-08-23
9/09/2021,372.8057803,372.05484,,,2018-08-31
10/09/2021,372.8322275,371.87988,,,2018-09-08
11/09/2021,372.8591694,371.43445,,,2018-09-24
12/09/2021,372.8841977,370.82257,,,2018-10-02
13/09/2021,372.9072545,371.84784,,,2018-10-18
14/09/2021,372.9315943,372.00507,,,2018-12-29
15/09/2021,372.9572575,372.16864,,,2019-01-06
16/09/2021,372.9842844,372.67618,,,2019-01-22
17/09/2021,373.0127154,373.68805,,,2019-02-15
18/09/2021,373.0425908,373.69254,,,2019-03-03
19/09/2021,373.0739511,373.54855,,,2019-04-04
20/09/2021,373.1068368,373.22256,,,2019-04-12
21/09/2021,373.1412885,373.38538,,,2019-04-20
22/09/2021,373.1773467,373.5454,,,2019-05-22
23/09/2021,373.215052,373.53903,,,2019-06-15
24/09/2021,373.254445,373.5644,,,2019-06-23
25/09/2021,373.2955665,374.04364,,,2019-07-01
26/09/2021,373.3384571,373.95892,,,2019-07-09
27/09/2021,373.3831577,373.9521,,,2019-07-17
28/09/2021,373.4294346,374.30804,,,2019-07-25
29/09/2021,373.477337,374.2733,,,2019-08-02
30/09/2021,373.5213769,373.80698,,,2019-11-22
1/10/2021,373.5614371,373.07587,,,2019-12-24
2/10/2021,373.5973996,372.37878,,,2020-01-01
3/10/2021,373.6291451,372.2625,,,2020-01-25
4/10/2021,373.6565537,372.83057,,,2020-02-02
5/10/2021,373.6795042,372.78552,,,2020-02-10
6/10/2021,373.6978745,372.89728,,,2020-03-21
7/10/2021,373.7115413,372.24005,,,2020-03-29
8/10/2021,373.7343768,372.36807,,,2020-04-06
9/10/2021,373.7666761,372.13635,,,2020-05-08
10/10/2021,373.8087359,372.05777,,,2020-06-09
11/10/2021,373.8608543,372.49164,,,2020-06-25
12/10/2021,373.9233309,372.63605,,,2020-07-27
13/10/2021,373.9964671,372.01624,,,2020-08-12
14/10/2021,374.0812597,373.61328,,,2020-08-28
15/10/2021,374.1779917,373.7061,,,2020-09-21
16/10/2021,374.2751517,374.03387,,,2020-10-23
17/10/2021,374.3726718,374.60953,,,2020-12-26
18/10/2021,374.4704835,373.88223,,,2021-03-24
19/10/2021,374.5685179,373.9255,,,2021-04-01
20/10/2021,374.6667057,374.78925,,,2021-04-17
21/10/2021,374.764977,375.84616,,,2021-04-25
22/10/2021,374.8632613,375.3979,,,2021-05-03
23/10/2021,374.9614878,376.2765,,,2021-05-19
24/10/2021,375.0595852,377.0918,,,2021-07-22
25/10/2021,375.1574817,377.2735,,,2021-09-08
26/10/2021,375.2551049,377.55496,,,2021-09-24
27/10/2021,375.352382,378.0265,,,2021-12-29
28/10/2021,375.4492398,378.485,,,2022-01-30
29/10/2021,375.5456044,378.65057,,,2022-02-23
30/10/2021,375.6414017,378.0299,,,2022-02-23
31/10/2021,375.7365569,377.4259,,,2022-03-11
1/11/2021,375.8319303,377.19562,,,2022-03-11
2/11/2021,375.9274745,376.85327,,,2022-03-27
3/11/2021,376.0231415,377.08926,,,2022-05-18
4/11/2021,376.118883,377.13464,,,2022-05-22
5/11/2021,376.2146504,377.17297,,,2022-05-30
6/11/2021,376.3103949,376.99313,,,2022-06-07
7/11/2021,376.4060672,376.70914,,,2022-06-15
8/11/2021,376.5016179,376.83243,,,2022-07-25
9/11/2021,376.5969971,377.37827,,,2022-08-02
10/11/2021,376.6921546,377.46964,,,2022-08-10
11/11/2021,376.78704,377.5409,,,2022-08-11
12/11/2021,376.8816026,377.60727,,,2022-10-18
13/11/2021,376.9757911,377.44116,,,2022-10-21
14/11/2021,377.0695541,377.63016,,,2022-12-16
15/11/2021,377.16284,378.11423,,,2022-12-25
16/11/2021,377.2555967,378.27872,,,2023-01-25
17/11/2021,377.3477718,378.54883,,,2023-02-24
18/11/2021,377.4393126,378.89142,,,2023-03-06
19/11/2021,377.5301661,379.23038,,,2023-03-14
20/11/2021,377.6202789,379.6494,,,2023-03-22
21/11/2021,377.7095976,380.0476,,,2023-03-30
22/11/2021,377.798068,380.49677,,,2023-03-30
23/11/2021,377.8856359,380.6204,,,2023-04-04
24/11/2021,377.9722468,380.49084,,,2023-04-23
25/11/2021,378.0578457,379.76813,,,2023-04-26
26/11/2021,378.1423774,379.713,,,2023-05-01
27/11/2021,378.2257863,380.50104,,,2023-05-25
28/11/2021,378.3080167,381.1728,,,2023-06-02
29/11/2021,378.3890123,381.24713,,,2023-06-09
30/11/2021,378.4687166,380.49988,,,2023-06-10
1/12/2021,378.5470729,380.35388,,,2023-06-18
2/12/2021,378.6240239,379.8179,,,2023-07-12
3/12/2021,378.6995123,379.8599,,,2023-07-28
4/12/2021,378.7734803,380.18073,,,2023-08-05
5/12/2021,378.8491769,380.18338,,,2023-08-13
6/12/2021,378.9264424,379.68698,,,2023-08-14
7/12/2021,379.0051177,379.3387,,,2023-08-21
8/12/2021,379.0850439,378.87296,,,2023-09-15
9/12/2021,379.1650813,378.97485,,,2023-09-30
10/12/2021,379.2451015,378.82162,,,2023-10-07
11/12/2021,379.3249765,378.62317,,,2023-11-25
12/12/2021,379.404578,378.1548,,,2023-12-19
13/12/2021,379.4837782,377.54016,,,2023-12-27
14/12/2021,379.5624491,378.10025,,,2024-01-01
15/12/2021,379.640463,378.78836,,,2024-01-04
16/12/2021,379.7176924,379.2381,,,2024-01-11
17/12/2021,379.7922803,379.41736,,,2024-01-12
18/12/2021,379.8641524,378.9455,,,2024-01-28
19/12/2021,379.9332339,378.87915,,,2024-02-13
20/12/2021,379.9994498,378.6931,,,2024-02-21
21/12/2021,380.0627251,378.41095,,,2024-02-29
22/12/2021,380.1229845,378.06708,,,2024-03-08
23/12/2021,380.1801523,377.67395,,,2024-03-16
24/12/2021,380.2341529,377.5743,,,2024-04-01
25/12/2021,380.2840874,377.4488,,,2024-04-09
26/12/2021,380.3299048,377.5669,,,2024-04-25
27/12/2021,380.3715537,377.63885,,,2024-05-03
28/12/2021,380.4089824,377.3418,,,2024-05-11
29/12/2021,380.4421389,377.10913,,,2024-05-27
30/12/2021,380.4709708,377.1981,,,2024-06-28
31/12/2021,380.4954253,376.82263,,,2024-07-06
1/01/2022,380.5154492,376.56012,,,2024-07-30
2/01/2022,380.5321639,376.1589,,,2024-09-08
3/01/2022,380.5454796,376.62952,,,2024-09-16
4/01/2022,380.5578574,377.329,,,2024-09-24
5/01/2022,380.569284,377.93616,,,2024-10-26
6/01/2022,380.5797461,378.21878,,,2024-11-27
7/01/2022,380.589231,378.4292,,,2024-12-05
8/01/2022,380.5977261,378.32947,,,2024-12-13
9/01/2022,380.6052193,378.0432,,,2024-12-21
10/01/2022,380.6116987,378.28918,,,2025-01-22
11/01/2022,380.6171528,378.0774,,,2025-02-07
12/01/2022,380.6215705,378.1308,,,
13/01/2022,380.6249407,377.68552,,,
14/01/2022,380.627253,378.62817,,,
15/01/2022,380.6284972,378.7743,,,
16/01/2022,380.6286632,378.96545,,,
17/01/2022,380.6277415,378.82117,,,
18/01/2022,380.6257228,378.70447,,,
19/01/2022,380.6225982,378.7057,,,
20/01/2022,380.618359,379.2185,,,
21/01/2022,380.6129969,379.42688,,,
22/01/2022,380.606504,379.4194,,,
23/01/2022,380.5988725,379.72882,,,
24/01/2022,380.5900952,380.3125,,,
25/01/2022,380.5801649,381.58102,,,
26/01/2022,380.569075,381.96692,,,
27/01/2022,380.5568191,382.23474,,,
28/01/2022,380.5433911,382.88513,,,
29/01/2022,380.5287854,384.34882,,,
30/01/2022,380.5129964,384.61743,,,
31/01/2022,380.4960191,384.49768,,,
1/02/2022,380.4778487,384.28955,,,
2/02/2022,380.4584807,384.98465,,,
3/02/2022,380.4379111,385.10498,,,
4/02/2022,380.416136,385.22702,,,
5/02/2022,380.3931519,385.0923,,,
6/02/2022,380.3689556,385.15515,,,
7/02/2022,380.3435444,384.67084,,,
8/02/2022,380.3169156,383.93726,,,
9/02/2022,380.2890671,382.66135,,,
10/02/2022,380.2599971,382.42175,,,
11/02/2022,380.2240351,382.3683,,,
12/02/2022,380.1813535,383.62488,,,
13/02/2022,380.1321236,384.0049,,,
14/02/2022,380.0765159,384.35675,,,
15/02/2022,380.0147005,383.7965,,,
16/02/2022,379.9468464,383.59204,,,
17/02/2022,379.8731222,384.2243,,,
18/02/2022,379.7936955,383.72086,,,
19/02/2022,379.7132578,383.50095,,,
20/02/2022,379.6318368,383.55698,,,
21/02/2022,379.5501515,383.5954,,,
22/02/2022,379.4682505,383.56052,,,
23/02/2022,379.3861831,383.66968,,,
24/02/2022,379.3039984,383.60596,,,
25/02/2022,379.2217461,383.75403,,,
26/02/2022,379.1394758,383.9018,,,
27/02/2022,379.0461625,383.44046,,,
28/02/2022,378.9537145,383.26465,,,
1/03/2022,378.8621668,383.31903,,,
2/03/2022,378.7715542,383.12717,,,
3/03/2022,378.6819125,382.70993,,,
4/03/2022,378.5932772,382.74487,,,
5/03/2022,378.5056845,383.37692,,,
6/03/2022,378.4191707,383.50507,,,
7/03/2022,378.3337725,383.97546,,,
8/03/2022,378.2495271,384.2719,,,
9/03/2022,378.1652186,384.68555,,,
10/03/2022,378.0808473,385.26727,,,
11/03/2022,377.9964131,385.0822,,,
12/03/2022,377.9119163,384.32468,,,
13/03/2022,377.8273571,383.69128,,,
14/03/2022,377.742736,383.8853,,,
15/03/2022,377.6580535,384.7746,,,
16/03/2022,377.57331,385.5933,,,
17/03/2022,377.4885063,385.54456,,,
18/03/2022,377.403643,385.88348,,,
19/03/2022,377.3187211,386.30457,,,
20/03/2022,377.2337413,386.65344,,,
21/03/2022,377.1487048,385.943,,,
22/03/2022,377.0636127,384.1812,,,
23/03/2022,376.978466,382.9286,,,
24/03/2022,376.8932662,382.38605,,,
25/03/2022,376.8080145,382.4134,,,
26/03/2022,376.7227124,382.44153,,,
27/03/2022,376.6373615,383.44583,,,
28/03/2022,376.5519633,383.4655,,,
29/03/2022,376.4665197,383.30487,,,
30/03/2022,376.3810324,381.73248,,,
31/03/2022,376.2955033,381.54816,,,
1/04/2022,376.2099345,382.04047,,,
2/04/2022,376.1243279,381.34982,,,
3/04/2022,376.0386858,381.79962,,,
4/04/2022,375.9530104,381.95026,,,
5/04/2022,375.8673041,381.91638,,,
6/04/2022,375.7815693,382.02386,,,
7/04/2022,375.6958085,382.1119,,,
8/04/2022,375.6100244,382.12427,,,
9/04/2022,375.5242196,382.08728,,,
10/04/2022,375.4383969,382.1713,,,
11/04/2022,375.3525593,382.3739,,,
12/04/2022,375.2667097,382.42123,,,
13/04/2022,375.1808512,382.53534,,,
14/04/2022,375.0949869,382.7643,,,
15/04/2022,375.00912,382.6717,,,
16/04/2022,374.923254,382.3196,,,
17/04/2022,374.8373921,381.8366,,,
18/04/2022,374.751538,381.35718,,,
19/04/2022,374.6656951,380.86978,,,
20/04/2022,374.5798673,382.1678,,,
21/04/2022,374.4940582,382.80893,,,
22/04/2022,374.4082718,383.04205,,,
23/04/2022,374.322512,383.114,,,
24/04/2022,374.2367828,382.7608,,,
25/04/2022,374.1510885,382.242,,,
26/04/2022,374.0654331,382.14117,,,
27/04/2022,373.979821,381.9745,,,
28/04/2022,373.8942566,381.47235,,,
29/04/2022,373.8087445,380.87503,,,
30/04/2022,373.7232891,380.396,,,
1/05/2022,373.6378952,379.85306,,,
2/05/2022,373.5525675,379.96823,,,
3/05/2022,373.4673109,379.65543,,,
4/05/2022,373.3821303,379.00385,,,
5/05/2022,373.2970307,378.82065,,,
6/05/2022,373.2120173,378.77484,,,
7/05/2022,373.1095623,378.85205,,,
8/05/2022,372.9902072,378.1942,,,
9/05/2022,372.8544903,378.10278,,,
10/05/2022,372.7198461,378.25623,,,
11/05/2022,372.5862898,378.177,,,
12/05/2022,372.4538364,379.07404,,,
13/05/2022,372.322501,380.05997,,,
14/05/2022,372.1922987,380.11188,,,
15/05/2022,372.0632444,380.04163,,,
16/05/2022,371.9353532,379.96942,,,
17/05/2022,371.8086401,379.22662,,,
18/05/2022,371.6831198,379.70566,,,
19/05/2022,371.5588074,379.7618,,,
20/05/2022,371.4357177,379.9814,,,
21/05/2022,371.3138656,379.57974,,,
22/05/2022,371.1932658,378.92694,,,
23/05/2022,371.0739331,378.69348,,,
24/05/2022,370.9558823,378.65442,,,
25/05/2022,370.8391282,378.3462,,,
26/05/2022,370.7236853,378.10144,,,
27/05/2022,370.6095685,378.10254,,,
28/05/2022,370.4967922,377.99994,,,
29/05/2022,370.3853712,377.04483,,,
30/05/2022,370.27532,377.08502,,,
31/05/2022,370.1666532,377.28882,,,
1/06/2022,370.0593853,377.73816,,,
2/06/2022,369.9535307,377.6809,,,
3/06/2022,369.849104,377.72314,,,
4/06/2022,369.7461196,377.99133,,,
5/06/2022,369.6445918,378.47998,,,
6/06/2022,369.5445351,378.5238,,,
7/06/2022,369.4459639,378.5719,,,
8/06/2022,369.3488924,378.50967,,,
9/06/2022,369.2533349,378.28833,,,
10/06/2022,369.1593057,377.80728,,,
11/06/2022,369.0668191,377.5431,,,
12/06/2022,368.9758892,377.45245,,,
13/06/2022,368.8871434,377.15704,,,
14/06/2022,368.8006143,376.96387,,,
15/06/2022,368.7163344,376.60156,,,
16/06/2022,368.6343366,375.84277,,,
17/06/2022,368.5546537,375.5595,,,
18/06/2022,368.4773185,375.3111,,,
19/06/2022,368.402364,375.72424,,,
20/06/2022,368.3298232,375.68298,,,
21/06/2022,368.2597294,375.08124,,,
22/06/2022,368.1921156,374.67816,,,
23/06/2022,368.1270153,374.4594,,,
24/06/2022,368.0644618,373.95908,,,
25/06/2022,368.0044886,373.28204,,,
26/06/2022,367.9471292,372.75116,,,
27/06/2022,367.8924172,372.75815,,,
28/06/2022,367.8403864,373.58334,,,
29/06/2022,367.7910705,374.6798,,,
30/06/2022,367.7445035,375.10913,,,
1/07/2022,367.7007193,375.12286,,,
2/07/2022,367.6597519,374.56757,,,
3/07/2022,367.6216355,373.64957,,,
4/07/2022,367.5864042,373.512,,,
5/07/2022,367.5567993,373.01825,,,
6/07/2022,367.5327724,372.6018,,,
7/07/2022,367.5142757,372.34906,,,
8/07/2022,367.501262,372.7806,,,
9/07/2022,367.4936845,373.00427,,,
10/07/2022,367.4914972,373.13043,,,
11/07/2022,367.4946546,372.5857,,,
12/07/2022,367.5031119,372.26483,,,
13/07/2022,367.5168248,372.48865,,,
14/07/2022,367.5329632,373.13385,,,
15/07/2022,367.5488009,374.00824,,,
16/07/2022,367.5642968,374.99683,,,
17/07/2022,367.5794096,375.81744,,,
18/07/2022,367.5940974,376.33444,,,
19/07/2022,367.6083178,375.80487,,,
20/07/2022,367.6220283,375.278,,,
21/07/2022,367.6351855,375.0053,,,
22/07/2022,367.647746,374.9958,,,
23/07/2022,367.6596656,374.2362,,,
24/07/2022,367.6709,373.42957,,,
25/07/2022,367.6814042,373.77808,,,
26/07/2022,367.6911329,373.77356,,,
27/07/2022,367.7000404,374.25403,,,
28/07/2022,367.7080805,373.93805,,,
29/07/2022,367.7152065,373.92847,,,
30/07/2022,367.7213713,374.2281,,,
31/07/2022,367.7265275,374.08322,,,
1/08/2022,367.7306272,373.83746,,,
2/08/2022,367.733622,373.47693,,,
3/08/2022,367.7354631,373.23108,,,
4/08/2022,367.7361012,372.82373,,,
5/08/2022,367.7354867,372.56207,,,
6/08/2022,367.7335696,371.65576,,,
7/08/2022,367.7302992,371.1919,,,
8/08/2022,367.7279753,371.01456,,,
9/08/2022,367.7266171,371.27344,,,
10/08/2022,367.7262436,371.32385,,,
11/08/2022,367.7268741,372.35876,,,
12/08/2022,367.7285279,372.76947,,,
13/08/2022,367.7312239,373.3261,,,
14/08/2022,367.7366139,374.15152,,,
15/08/2022,367.7446671,373.61734,,,
16/08/2022,367.755353,373.81174,,,
17/08/2022,367.7686415,374.76157,,,
18/08/2022,367.7845025,375.0744,,,
19/08/2022,367.8029066,375.29297,,,
20/08/2022,367.8238245,375.0205,,,
21/08/2022,367.8472271,375.06897,,,
22/08/2022,367.8730857,376.174,,,
23/08/2022,367.901372,375.89185,,,
24/08/2022,367.9323406,375.54523,,,
25/08/2022,367.9659722,374.91235,,,
26/08/2022,368.0022479,375.03345,,,
27/08/2022,368.0411491,374.9347,,,
28/08/2022,368.0826574,374.30545,,,
29/08/2022,368.1267549,374.15726,,,
30/08/2022,368.173424,373.46042,,,
31/08/2022,368.2226475,373.16522,,,
1/09/2022,368.2744086,372.958,,,
2/09/2022,368.3286906,372.88086,,,
3/09/2022,368.3854773,372.82986,,,
4/09/2022,368.4447529,373.05215,,,
5/09/2022,368.506502,373.17172,,,
6/09/2022,368.5707093,373.76562,,,
7/09/2022,368.6373601,374.24756,,,
8/09/2022,368.7064398,374.50403,,,
9/09/2022,368.7772188,374.71155,,,
10/09/2022,368.8496618,374.81885,,,
11/09/2022,368.9237338,374.68964,,,
12/09/2022,368.9993999,374.43307,,,
13/09/2022,369.0723026,373.36328,,,
14/09/2022,369.1425396,373.24667,,,
15/09/2022,369.2102082,373.2291,,,
16/09/2022,369.2754051,373.94995,,,
17/09/2022,369.3382262,373.56223,,,
18/09/2022,369.3987671,373.33255,,,
19/09/2022,369.4571226,373.53668,,,
20/09/2022,369.513387,373.23303,,,
21/09/2022,369.567654,372.85617,,,
22/09/2022,369.6200168,372.5963,,,
23/09/2022,369.6665148,371.8758,,,
24/09/2022,369.7073639,371.79996,,,
25/09/2022,369.7427786,371.30164,,,
26/09/2022,369.7729722,371.29877,,,
27/09/2022,369.7981565,371.85376,,,
28/09/2022,369.818542,371.98163,,,
29/09/2022,369.8343378,372.73746,,,
30/09/2022,369.8457518,373.05194,,,
1/10/2022,369.8619164,372.94037,,,
2/10/2022,369.8827638,372.72052,,,
3/10/2022,369.9082264,372.5645,,,
4/10/2022,369.9382371,373.0376,,,
5/10/2022,369.9727289,373.14462,,,
6/10/2022,370.0116354,373.23587,,,
7/10/2022,370.0548902,372.852,,,
8/10/2022,370.1024275,372.8505,,,
9/10/2022,370.153799,373.43286,,,
10/10/2022,370.2089511,374.167,,,
11/10/2022,370.2678304,374.42252,,,
12/10/2022,370.3303839,374.08545,,,
13/10/2022,370.3965588,374.0351,,,
14/10/2022,370.4663025,373.9497,,,
15/10/2022,370.5395627,373.87097,,,
16/10/2022,370.6162873,374.09088,,,
17/10/2022,370.6950272,374.8448,,,
18/10/2022,370.7757737,375.84708,,,
19/10/2022,370.8585178,376.09866,,,
20/10/2022,370.9432507,377.00714,,,
21/10/2022,371.0299635,377.52142,,,
22/10/2022,371.1195095,377.7979,,,
23/10/2022,371.2118534,377.81976,,,
24/10/2022,371.3069602,377.49854,,,
25/10/2022,371.4047949,377.0272,,,
26/10/2022,371.5053226,376.6908,,,
27/10/2022,371.6085086,376.49063,,,
28/10/2022,371.7143185,376.46692,,,
29/10/2022,371.8227178,376.5541,,,
30/10/2022,371.9336724,377.0036,,,
31/10/2022,372.0437395,377.4298,,,
1/11/2022,372.1527826,377.76825,,,
2/11/2022,372.2606651,377.86734,,,
3/11/2022,372.3672498,377.67874,,,
4/11/2022,372.4734101,377.20926,,,
5/11/2022,372.5790383,376.57623,,,
6/11/2022,372.6840263,376.065,,,
7/11/2022,372.7882657,375.86334,,,
8/11/2022,372.8916478,375.95523,,,
9/11/2022,372.9940638,376.56128,,,
10/11/2022,373.1076054,376.74243,,,
11/11/2022,373.2317901,376.9771,,,
12/11/2022,373.3679195,376.9118,,,
13/11/2022,373.5046353,376.94623,,,
14/11/2022,373.6418489,376.29962,,,
15/11/2022,373.7794723,376.43713,,,
16/11/2022,373.9174175,376.24323,,,
17/11/2022,374.0555969,375.4209,,,
18/11/2022,374.1925885,375.01062,,,
19/11/2022,374.3283461,374.91226,,,
20/11/2022,374.4636717,374.61658,,,
21/11/2022,374.5985446,374.0618,,,
22/11/2022,374.7329443,373.6557,,,
23/11/2022,374.8668503,373.46564,,,
24/11/2022,375.0002425,373.04974,,,
25/11/2022,375.1331009,372.99677,,,
26/11/2022,375.2654055,372.9812,,,
27/11/2022,375.3971368,373.01178,,,
28/11/2022,375.5270643,372.21167,,,
29/11/2022,375.6551323,372.75067,,,
30/11/2022,375.7812851,373.005,,,
1/12/2022,375.9054669,373.2682,,,
2/12/2022,376.027622,373.13684,,,
3/12/2022,376.1476945,372.94528,,,
4/12/2022,376.2656286,372.67352,,,
5/12/2022,376.3813683,372.9863,,,
6/12/2022,376.4948578,373.43335,,,
7/12/2022,376.606041,373.25708,,,
8/12/2022,376.7148618,373.6262,,,
9/12/2022,376.8212643,373.9386,,,
10/12/2022,376.9251923,374.3908,,,
11/12/2022,377.0265897,374.44467,,,
12/12/2022,377.1236936,374.44485,,,
13/12/2022,377.2165,374.00208,,,
14/12/2022,377.3050044,374.28513,,,
15/12/2022,377.3892021,375.04767,,,
16/12/2022,377.4690881,375.96722,,,
17/12/2022,377.5446568,376.41913,,,
18/12/2022,377.6159024,376.7593,,,
19/12/2022,377.6828187,377.1181,,,
20/12/2022,377.7518102,377.1724,,,
21/12/2022,377.8226738,377.47443,,,
22/12/2022,377.8952076,377.32935,,,
23/12/2022,377.9692102,377.24985,,,
24/12/2022,378.0444811,376.0783,,,
25/12/2022,378.1208207,376.92007,,,
26/12/2022,378.1980304,377.06104,,,
27/12/2022,378.1947724,377.24835,,,
28/12/2022,378.1904849,377.40573,,,
29/12/2022,378.1850783,377.2143,,,
30/12/2022,378.1784633,376.92075,,,
31/12/2022,378.1705506,376.45227,,,
1/01/2023,378.1612509,376.1701,,,
2/01/2023,378.1504752,375.5697,,,
3/01/2023,378.1381343,375.27994,,,
4/01/2023,378.1241393,374.5173,,,
5/01/2023,378.1066999,373.49884,,,
6/01/2023,378.0857793,373.30475,,,
7/01/2023,378.0671837,374.07974,,,
8/01/2023,378.0510513,374.789,,,
9/01/2023,378.0375214,374.68106,,,
10/01/2023,378.0267338,374.98648,,,
11/01/2023,378.0188294,376.14062,,,
12/01/2023,378.0139498,376.7024,,,
13/01/2023,378.0122376,376.5641,,,
14/01/2023,378.0138359,377.13855,,,
15/01/2023,378.0142254,378.00452,,,
16/01/2023,378.0134109,377.92328,,,
17/01/2023,378.0113973,377.95435,,,
18/01/2023,378.0081897,378.68848,,,
19/01/2023,378.0037927,379.11804,,,
20/01/2023,377.9982114,379.19415,,,
21/01/2023,377.9914507,380.03375,,,
22/01/2023,377.9835153,380.9103,,,
23/01/2023,377.985826,380.80115,,,
24/01/2023,377.9868566,381.15332,,,
25/01/2023,377.9866001,381.9332,,,
26/01/2023,377.9850498,382.83932,,,
27/01/2023,377.9821985,383.63715,,,
28/01/2023,377.978039,384.31903,,,
29/01/2023,377.9709182,384.88852,,,
30/01/2023,377.9608789,385.22192,,,
31/01/2023,377.9479639,385.09375,,,
1/02/2023,377.9322154,384.61383,,,
2/02/2023,377.9136751,384.8224,,,
3/02/2023,377.8923845,384.63187,,,
4/02/2023,377.8683847,384.52722,,,
5/02/2023,377.8417161,384.534,,,
6/02/2023,377.8124191,384.89722,,,
7/02/2023,377.7805335,384.61624,,,
8/02/2023,377.7460987,384.44406,,,
9/02/2023,377.7091537,383.513,,,
10/02/2023,377.6697372,384.18082,,,
11/02/2023,377.6278873,384.50922,,,
12/02/2023,377.5836419,384.19183,,,
13/02/2023,377.5370384,384.25192,,,
14/02/2023,377.4927811,384.0548,,,
15/02/2023,377.4507639,384.20044,,,
16/02/2023,377.4108812,384.5705,,,
17/02/2023,377.3730278,385.38733,,,
18/02/2023,377.337099,385.90973,,,
19/02/2023,377.3029905,385.9317,,,
20/02/2023,377.2705987,386.28912,,,
21/02/2023,377.2398203,386.4479,,,
22/02/2023,377.2075194,386.2683,,,
23/02/2023,377.1736865,386.24463,,,
24/02/2023,377.1383119,385.62726,,,
25/02/2023,377.1013858,384.70996,,,
26/02/2023,377.0628983,384.75616,,,
27/02/2023,377.0228395,384.8623,,,
28/02/2023,376.9811993,384.36023,,,
1/03/2023,376.9379675,384.44186,,,
2/03/2023,376.8779827,384.48337,,,
3/03/2023,376.8198837,383.918,,,
4/03/2023,376.7635647,384.2121,,,
5/03/2023,376.7089199,384.50433,,,
6/03/2023,376.6558442,384.5598,,,
7/03/2023,376.604233,384.97025,,,
8/03/2023,376.553982,385.44205,,,
9/03/2023,376.5049875,385.80087,,,
10/03/2023,376.4539687,384.97095,,,
11/03/2023,376.4009199,386.4311,,,
12/03/2023,376.3458355,386.63104,,,
13/03/2023,376.2887095,386.65335,,,
14/03/2023,376.2295359,386.99918,,,
15/03/2023,376.1683088,386.37366,,,
16/03/2023,376.1050218,386.6513,,,
17/03/2023,376.0396686,386.91455,,,
18/03/2023,375.9722428,386.45682,,,
19/03/2023,375.9027377,386.0821,,,
20/03/2023,375.8311466,385.9914,,,
21/03/2023,375.7574628,386.35666,,,
22/03/2023,375.6816793,385.70145,,,
23/03/2023,375.603789,384.9324,,,
24/03/2023,375.5237846,384.4001,,,
25/03/2023,375.441659,383.88666,,,
26/03/2023,375.3574045,383.64557,,,
27/03/2023,375.2710138,383.72125,,,
28/03/2023,375.1824791,383.47595,,,
29/03/2023,375.0917926,383.0617,,,
30/03/2023,374.9989463,383.50906,,,
31/03/2023,374.9039323,383.6158,,,
1/04/2023,374.8067423,383.63403,,,
2/04/2023,374.7254404,384.03192,,,
3/04/2023,374.660561,384.18182,,,
4/04/2023,374.6150908,384.29996,,,
5/04/2023,374.572076,384.54327,,,
6/04/2023,374.5314629,384.49725,,,
7/04/2023,374.4931982,384.40567,,,
8/04/2023,374.4572289,384.41498,,,
9/04/2023,374.4235026,384.69568,,,
10/04/2023,374.3919673,384.9622,,,
11/04/2023,374.3625715,384.7052,,,
12/04/2023,374.335264,384.53992,,,
13/04/2023,374.3099943,384.21063,,,
14/04/2023,374.2867121,384.12024,,,
15/04/2023,374.2653678,383.80035,,,
16/04/2023,374.245912,382.46945,,,
17/04/2023,374.228296,382.36273,,,
18/04/2023,374.2124714,381.88043,,,
19/04/2023,374.1954276,381.2486,,,
20/04/2023,374.1772079,380.88562,,,
21/04/2023,374.1578553,380.76086,,,
22/04/2023,374.1374127,380.79178,,,
23/04/2023,374.1159229,381.08392,,,
24/04/2023,374.0934288,381.34998,,,
25/04/2023,374.0699729,381.48438,,,
26/04/2023,374.0461837,381.84998,,,
27/04/2023,374.0220857,382.04205,,,
28/04/2023,373.9977036,381.64896,,,
29/04/2023,373.9730617,380.80576,,,
30/04/2023,373.9481847,379.989,,,
1/05/2023,373.9230972,379.80414,,,
2/05/2023,373.8978236,379.8831,,,
3/05/2023,373.8723887,379.55304,,,
4/05/2023,373.8468169,378.99023,,,
5/05/2023,373.8211329,379.30435,,,
6/05/2023,373.7953613,379.19473,,,
7/05/2023,373.7695267,380.15906,,,
8/05/2023,373.7436538,380.5951,,,
9/05/2023,373.7177672,380.58734,,,
10/05/2023,373.6918915,380.30075,,,
11/05/2023,373.6660514,379.35992,,,
12/05/2023,373.6402716,378.69025,,,
13/05/2023,373.6145767,378.71262,,,
14/05/2023,373.5889915,378.40338,,,
15/05/2023,373.5635407,378.49225,,,
16/05/2023,373.5382489,379.4422,,,
17/05/2023,373.5131409,379.93176,,,
18/05/2023,373.4882415,379.6953,,,
19/05/2023,373.4635753,379.4024,,,
20/05/2023,373.4391671,379.1161,,,
21/05/2023,373.4150417,378.20947,,,
22/05/2023,373.3912238,377.66156,,,
23/05/2023,373.3677383,377.73166,,,
24/05/2023,373.3446099,377.48798,,,
25/05/2023,373.3218634,377.41156,,,
26/05/2023,373.2995236,377.59567,,,
27/05/2023,373.2776154,378.02106,,,
28/05/2023,373.2561636,378.20422,,,
29/05/2023,373.235193,378.2348,,,
30/05/2023,373.2147285,378.6533,,,
31/05/2023,373.1920047,379.1341,,,
1/06/2023,373.1669626,379.0146,,,
2/06/2023,373.1395429,378.98657,,,
3/06/2023,373.1096857,379.0836,,,
4/06/2023,373.0773305,378.8145,,,
5/06/2023,373.0424164,378.8181,,,
6/06/2023,373.0048821,378.8088,,,
7/06/2023,372.9646657,378.52414,,,
8/06/2023,372.9217047,378.47247,,,
9/06/2023,372.8788083,378.03745,,,
10/06/2023,372.8359994,378.18863,,,
11/06/2023,372.7933008,378.91754,,,
12/06/2023,372.7507355,379.65765,,,
13/06/2023,372.7083264,379.8315,,,
14/06/2023,372.6615196,380.11975,,,
15/06/2023,372.6104781,379.69473,,,
16/06/2023,372.555364,379.03625,,,
17/06/2023,372.4963386,378.0312,,,
18/06/2023,372.4335623,378.1094,,,
19/06/2023,372.3671949,378.08908,,,
20/06/2023,372.2973951,378.19345,,,
21/06/2023,372.224321,378.25732,,,
22/06/2023,372.1481297,378.8996,,,
23/06/2023,372.0689775,378.5688,,,
24/06/2023,371.9870199,378.4513,,,
25/06/2023,371.9024116,377.7909,,,
26/06/2023,371.8153065,377.1153,,,
27/06/2023,371.7258576,377.13327,,,
28/06/2023,371.634217,377.59314,,,
29/06/2023,371.5405361,378.4372,,,
30/06/2023,371.4449655,378.92108,,,
1/07/2023,371.3476549,379.16684,,,
2/07/2023,371.248753,378.94855,,,
3/07/2023,371.1484081,379.04617,,,
4/07/2023,371.0467672,378.61963,,,
5/07/2023,370.9439769,378.14822,,,
6/07/2023,370.8401825,377.80252,,,
7/07/2023,370.735529,377.761,,,
8/07/2023,370.6414643,377.85397,,,
9/07/2023,370.557786,377.6222,,,
10/07/2023,370.4826099,377.27472,,,
11/07/2023,370.4156854,376.723,,,
12/07/2023,370.3567629,376.58444,,,
13/07/2023,370.3055938,376.58975,,,
14/07/2023,370.2619304,377.03064,,,
15/07/2023,370.225526,376.64215,,,
16/07/2023,370.1882771,375.198,,,
17/07/2023,370.1501791,375.57147,,,
18/07/2023,370.1112271,375.14728,,,
19/07/2023,370.0714158,374.98273,,,
20/07/2023,370.0307392,374.62317,,,
21/07/2023,369.9790073,374.5454,,,
22/07/2023,369.9165246,375.29977,,,
23/07/2023,369.8435934,375.94946,,,
24/07/2023,369.776273,375.38452,,,
25/07/2023,369.7143789,374.48706,,,
26/07/2023,369.6577269,374.6921,,,
27/07/2023,369.6061337,374.92493,,,
28/07/2023,369.5594163,374.93445,,,
29/07/2023,369.5173922,374.56192,,,
30/07/2023,369.4798796,373.75287,,,
31/07/2023,369.4203379,372.9548,,,
1/08/2023,369.36502,373.14478,,,
2/08/2023,369.3137633,374.23053,,,
3/08/2023,369.2664054,374.28134,,,
4/08/2023,369.2227845,374.939,,,
5/08/2023,369.182739,374.569,,,
6/08/2023,369.1461079,373.63434,,,
7/08/2023,369.1127304,374.39108,,,
8/08/2023,369.0824464,374.25647,,,
9/08/2023,369.059552,373.96008,,,
10/08/2023,369.0440215,373.54227,,,
11/08/2023,369.0358307,373.21045,,,
12/08/2023,369.0349562,373.8957,,,
13/08/2023,369.0413762,374.2752,,,
14/08/2023,369.0550699,374.9112,,,
15/08/2023,369.0760178,374.80365,,,
16/08/2023,369.1042016,375.9757,,,
17/08/2023,369.1341788,375.75122,,,
18/08/2023,369.1660995,375.94586,,,
19/08/2023,369.2042916,375.70676,,,
20/08/2023,369.249031,376.72345,,,
21/08/2023,369.3005948,377.71692,,,
22/08/2023,369.3592606,377.8557,,,
23/08/2023,369.4253073,378.2704,,,
24/08/2023,369.4990147,378.64807,,,
25/08/2023,369.5806636,378.88126,,,
26/08/2023,369.6705355,379.03647,,,
27/08/2023,369.7597126,378.77667,,,
28/08/2023,369.8482023,378.84192,,,
29/08/2023,369.9360111,379.09436,,,
30/08/2023,370.0231451,379.07178,,,
31/08/2023,370.1096093,379.06064,,,
1/09/2023,370.1954084,379.70178,,,
2/09/2023,370.2838524,380.45773,,,
3/09/2023,370.3748434,380.31903,,,
4/09/2023,370.4686776,380.35986,,,
5/09/2023,370.565269,380.4292,,,
6/09/2023,370.6645311,380.23053,,,
7/09/2023,370.7663775,379.92148,,,
8/09/2023,370.8707221,379.67285,,,
9/09/2023,370.9774783,379.68878,,,
10/09/2023,371.0795072,380.28918,,,
11/09/2023,371.1769382,380.33838,,,
12/09/2023,371.2713393,380.4031,,,
13/09/2023,371.3628805,380.40698,,,
14/09/2023,371.4517305,380.73236,,,
15/09/2023,371.5380572,380.76727,,,
16/09/2023,371.6220272,379.56165,,,
17/09/2023,371.7029173,379.64587,,,
18/09/2023,371.7941272,379.01508,,,
19/09/2023,371.895388,379.53174,,,
20/09/2023,372.006432,379.85364,,,
21/09/2023,372.1269927,379.91443,,,
22/09/2023,372.2568048,379.94574,,,
23/09/2023,372.3956046,379.39178,,,
24/09/2023,372.5431292,378.7906,,,
25/09/2023,372.6991171,378.0047,,,
26/09/2023,372.8493729,377.46698,,,
27/09/2023,372.9940636,377.17996,,,
28/09/2023,373.1333551,376.73706,,,
29/09/2023,373.2674119,376.06757,,,
30/09/2023,373.3963971,375.7595,,,
1/10/2023,373.5204724,375.6438,,,
2/10/2023,373.6397983,376.2059,,,
3/10/2023,373.7545337,376.29663,,,
4/10/2023,373.8706665,376.58047,,,
5/10/2023,373.9881748,376.71283,,,
6/10/2023,374.0944598,376.2927,,,
7/10/2023,374.1891216,375.7155,,,
8/10/2023,374.2717573,375.55615,,,
9/10/2023,374.3532315,375.7564,,,
10/10/2023,374.433475,375.5543,,,
11/10/2023,374.5124178,375.09195,,,
12/10/2023,374.5899895,374.72266,,,
13/10/2023,374.6661194,374.35153,,,
14/10/2023,374.7421117,374.34628,,,
15/10/2023,374.8179359,374.23505,,,
16/10/2023,374.8935612,374.41595,,,
17/10/2023,374.9689564,373.93665,,,
18/10/2023,375.0440904,374.43152,,,
19/10/2023,375.1189314,373.95984,,,
20/10/2023,375.1986646,373.56396,,,
21/10/2023,375.2830983,373.1551,,,
22/10/2023,375.3720417,372.3233,,,
23/10/2023,375.4653045,372.71643,,,
24/10/2023,375.5626972,373.16132,,,
25/10/2023,375.6640312,373.5015,,,
26/10/2023,375.7691183,373.24292,,,
27/10/2023,375.8777713,373.49664,,,
28/10/2023,375.9905995,373.2979,,,
29/10/2023,376.1073927,372.82867,,,
30/10/2023,376.2279415,373.50116,,,
31/10/2023,376.3520375,373.96802,,,
1/11/2023,376.479473,373.36096,,,
2/11/2023,376.6100412,373.95477,,,
3/11/2023,376.7435364,373.86914,,,
4/11/2023,376.8797534,373.6922,,,
5/11/2023,377.0184881,373.17676,,,
6/11/2023,377.1595373,372.86475,,,
7/11/2023,377.3044577,373.2972,,,
8/11/2023,377.4531005,373.30176,,,
9/11/2023,377.6053183,373.45062,,,
10/11/2023,377.7609647,373.6599,,,
11/11/2023,377.9198945,373.7198,,,
12/11/2023,378.0819637,373.0985,,,
13/11/2023,378.2304411,371.95755,,,
14/11/2023,378.3656925,371.83472,,,
15/11/2023,378.4814733,372.82434,,,
16/11/2023,378.577947,372.51038,,,
17/11/2023,378.6552738,373.39276,,,
18/11/2023,378.713611,374.46222,,,
19/11/2023,378.7531127,374.8858,,,
20/11/2023,378.7739298,374.88733,,,
21/11/2023,378.7856319,374.26807,,,
22/11/2023,378.8717116,374.48706,,,
23/11/2023,378.9550083,373.89594,,,
24/11/2023,379.0355145,373.22986,,,
25/11/2023,379.1132219,372.72815,,,
26/11/2023,379.1881219,372.6093,,,
27/11/2023,379.260205,373.55646,,,
28/11/2023,379.3294615,374.57428,,,
29/11/2023,379.3974671,375.73392,,,
30/11/2023,379.4641621,376.1482,,,
1/12/2023,379.5312404,376.13153,,,
2/12/2023,379.5986945,375.7716,,,
3/12/2023,379.6665168,375.24384,,,
4/12/2023,379.7346996,375.0089,,,
5/12/2023,379.8032355,374.68457,,,
6/12/2023,379.8721168,373.7555,,,
7/12/2023,379.9413359,373.2472,,,
8/12/2023,380.0108855,372.77005,,,
9/12/2023,380.0807578,372.80566,,,
10/12/2023,380.1509454,372.71045,,,
11/12/2023,380.2214407,373.21933,,,
12/12/2023,380.2922363,373.7633,,,
13/12/2023,380.3633247,374.28387,,,
14/12/2023,380.4346982,373.82715,,,
15/12/2023,380.5064336,374.19092,,,
16/12/2023,380.5785207,374.64966,,,
17/12/2023,380.6509495,375.68713,,,
18/12/2023,380.72371,376.65448,,,
19/12/2023,380.7967923,377.78998,,,
20/12/2023,380.8701865,378.68433,,,
21/12/2023,380.9438825,379.06702,,,
22/12/2023,381.0178705,379.68793,,,
23/12/2023,381.0921406,380.17725,,,
24/12/2023,381.166683,380.69983,,,
25/12/2023,381.2431846,381.12463,,,
26/12/2023,381.3216865,381.42706,,,
27/12/2023,381.4022303,381.45413,,,
28/12/2023,381.4848577,381.49875,,,
29/12/2023,381.5696109,381.32413,,,
30/12/2023,381.6565324,381.08868,,,
31/12/2023,381.745665,380.6156,,,
1/01/2024,381.8370519,380.3227,,,
2/01/2024,381.9307364,380.01587,,,
3/01/2024,382.0267626,380.8087,,,
4/01/2024,382.1251744,380.62762,,,
5/01/2024,382.2260163,380.89713,,,
6/01/2024,382.3293332,381.19357,,,
7/01/2024,382.4351703,381.40015,,,
8/01/2024,382.5435729,381.37192,,,
9/01/2024,382.6545869,381.3392,,,
10/01/2024,382.7634475,381.4457,,,
11/01/2024,382.8700567,381.65628,,,
12/01/2024,382.974316,382.1565,,,
13/01/2024,383.0761262,382.50146,,,
14/01/2024,383.1753879,382.54425,,,
15/01/2024,383.2720007,382.5072,,,
16/01/2024,383.37344,383.1998,,,
17/01/2024,383.4793728,383.83502,,,
18/01/2024,383.5925933,384.37836,,,
19/01/2024,383.7128642,384.80896,,,
20/01/2024,383.8399498,385.34613,,,
21/01/2024,383.9736155,385.86707,,,
22/01/2024,384.1136285,386.46564,,,
23/01/2024,384.2597571,387.41412,,,
24/01/2024,384.404972,388.4379,,,
25/01/2024,384.5492523,388.99124,,,
26/01/2024,384.708195,389.10263,,,
27/01/2024,384.863503,388.7237,,,
28/01/2024,385.0150651,389.33875,,,
29/01/2024,385.1627696,390.92926,,,
30/01/2024,385.3065043,391.74603,,,
31/01/2024,385.4461568,392.41656,,,
1/02/2024,385.5816142,391.99765,,,
2/02/2024,385.7127631,390.97638,,,
3/02/2024,385.8427654,389.69495,,,
4/02/2024,385.9716052,388.79175,,,
5/02/2024,386.099267,388.26593,,,
6/02/2024,386.2257356,387.60962,,,
7/02/2024,386.3509959,387.024,,,
8/02/2024,386.4750328,386.24728,,,
9/02/2024,386.5978317,385.47638,,,
10/02/2024,386.719378,384.99277,,,
11/02/2024,386.8396575,384.6452,,,
12/02/2024,386.958656,384.20404,,,
13/02/2024,387.0763596,383.87885,,,
14/02/2024,387.1927545,383.8827,,,
15/02/2024,387.3078272,383.99426,,,
16/02/2024,387.4215645,384.0515,,,
17/02/2024,387.5323056,384.131,,,
18/02/2024,387.6400881,384.7577,,,
19/02/2024,387.7449493,385.63416,,,
20/02/2024,387.8469264,386.1678,,,
21/02/2024,387.9460566,386.41968,,,
22/02/2024,388.0423768,386.5572,,,
23/02/2024,388.1359239,386.66104,,,
24/02/2024,388.2267349,386.9542,,,
25/02/2024,388.3148462,387.17865,,,
26/02/2024,388.4002946,387.33023,,,
27/02/2024,388.4831164,387.19955,,,
28/02/2024,388.5608234,387.0766,,,
29/02/2024,388.633376,386.98712,,,
1/03/2024,388.7007342,386.45364,,,
2/03/2024,388.7628571,386.35837,,,
3/03/2024,388.8197036,385.78412,,,
4/03/2024,388.8712318,386.275,,,
5/03/2024,388.9173993,385.71832,,,
6/03/2024,388.9581631,385.3765,,,
7/03/2024,388.9934798,385.13467,,,
8/03/2024,389.0233052,385.1798,,,
9/03/2024,389.0475948,385.04224,,,
10/03/2024,389.0663032,384.79285,,,
11/03/2024,389.0793846,384.395,,,
12/03/2024,389.0867929,384.29584,,,
13/03/2024,389.0884809,383.9905,,,
14/03/2024,389.087455,383.56894,,,
15/03/2024,389.0837587,383.48914,,,
16/03/2024,389.0774358,383.35733,,,
17/03/2024,389.0685299,383.15363,,,
18/03/2024,389.0570845,383.0025,,,
19/03/2024,389.0431433,383.00406,,,
20/03/2024,389.0267499,383.09177,,,
21/03/2024,389.0073439,383.30273,,,
22/03/2024,388.9849507,383.06958,,,
23/03/2024,388.9595955,382.85925,,,
24/03/2024,388.9313037,383.05087,,,
25/03/2024,388.9001002,382.9019,,,
26/03/2024,388.8660101,383.35132,,,
27/03/2024,388.829058,383.67847,,,
28/03/2024,388.805192,383.54193,,,
29/03/2024,388.7939497,383.362,,,
30/03/2024,388.7948717,383.44452,,,
31/03/2024,388.8075011,383.27737,,,
1/04/2024,388.8313842,383.61462,,,
2/04/2024,388.8660699,383.52048,,,
3/04/2024,388.9111102,384.11313,,,
4/04/2024,388.9660596,384.4541,,,
5/04/2024,389.0004792,383.8584,,,
6/04/2024,389.0148466,383.41293,,,
7/04/2024,389.0096368,383.2951,,,
8/04/2024,388.9853221,383.2555,,,
9/04/2024,388.9423719,383.271,,,
10/04/2024,388.8812529,383.00012,,,
11/04/2024,388.8024292,383.01117,,,
12/04/2024,388.7063619,383.12695,,,
13/04/2024,388.6086411,383.4669,,,
14/04/2024,388.5092596,383.72574,,,
15/04/2024,388.4082106,384.29297,,,
16/04/2024,388.3054872,385.04413,,,
17/04/2024,388.2010828,385.48566,,,
18/04/2024,388.0949905,385.48364,,,
19/04/2024,387.9872039,385.48322,,,
20/04/2024,387.8777163,385.6786,,,
21/04/2024,387.7665213,385.73846,,,
22/04/2024,387.6536126,385.88895,,,
23/04/2024,387.5389837,385.67368,,,
24/04/2024,387.4226286,385.24454,,,
25/04/2024,387.304541,384.64645,,,
26/04/2024,387.1847149,384.17798,,,
27/04/2024,387.0631442,383.7696,,,
28/04/2024,386.939823,383.3078,,,
29/04/2024,386.8147455,382.8363,,,
30/04/2024,386.6879058,382.56573,,,
1/05/2024,386.5592984,382.60516,,,
2/05/2024,386.4289174,382.9228,,,
3/05/2024,386.2967574,382.77597,,,
4/05/2024,386.162813,382.59897,,,
5/05/2024,386.0270786,382.77258,,,
6/05/2024,385.8895489,383.2266,,,
7/05/2024,385.7502188,383.08667,,,
8/05/2024,385.609083,382.99908,,,
9/05/2024,385.4708541,382.47934,,,
10/05/2024,385.3356687,381.5058,,,
11/05/2024,385.2036645,382.15454,,,
12/05/2024,385.0749799,383.28864,,,
13/05/2024,384.9497544,383.9005,,,
14/05/2024,384.8281282,383.35516,,,
15/05/2024,384.7091711,383.1966,,,
16/05/2024,384.5930581,382.40967,,,
17/05/2024,384.4799649,381.5785,,,
18/05/2024,384.3700679,381.16138,,,
19/05/2024,384.2635442,380.87073,,,
20/05/2024,384.1605718,380.72873,,,
21/05/2024,384.0613294,380.142,,,
22/05/2024,383.9659961,379.70654,,,
23/05/2024,383.8747522,379.4411,,,
24/05/2024,383.7877785,378.91296,,,
25/05/2024,383.7052564,378.00024,,,
26/05/2024,383.6273683,377.73676,,,
27/05/2024,383.5542972,378.04718,,,
28/05/2024,383.4862267,377.75665,,,
29/05/2024,383.4233413,377.3482,,,
30/05/2024,383.3658263,377.95822,,,
31/05/2024,383.3138675,377.87216,,,
1/06/2024,383.2676515,377.13733,,,
2/06/2024,383.2157138,377.0909,,,
3/06/2024,383.1578924,377.3954,,,
4/06/2024,383.0940241,377.68396,,,
5/06/2024,383.0239445,377.56638,,,
6/06/2024,382.9474875,377.02484,,,
7/06/2024,382.8644859,376.8789,,,
8/06/2024,382.7747708,376.961,,,
9/06/2024,382.6781723,377.0274,,,
10/06/2024,382.5826185,377.13248,,,
11/06/2024,382.4881797,377.11566,,,
12/06/2024,382.3949264,377.06476,,,
13/06/2024,382.3029292,376.95673,,,
14/06/2024,382.2122587,376.87958,,,
15/06/2024,382.1334826,377.1588,,,
16/06/2024,382.06762,377.53644,,,
17/06/2024,382.0150397,377.64734,,,
18/06/2024,381.9598678,378.0716,,,
19/06/2024,381.9019895,378.36182,,,
20/06/2024,381.8412888,379.24835,,,
21/06/2024,381.7776491,378.8537,,,
22/06/2024,381.710953,378.65088,,,
23/06/2024,381.6410822,378.09152,,,
24/06/2024,381.5675356,378.2925,,,
25/06/2024,381.5173753,378.58466,,,
26/06/2024,381.4648918,378.37134,,,
27/06/2024,381.4100026,378.4986,,,
28/06/2024,381.3526243,378.4978,,,
29/06/2024,381.2926729,378.28824,,,
30/06/2024,381.2300635,378.00958,,,
1/07/2024,381.1647104,377.77368,,,
2/07/2024,381.0979585,377.6493,,,
3/07/2024,381.0296768,377.07907,,,
4/07/2024,380.9597339,376.74286,,,
5/07/2024,380.8879979,376.15802,,,
6/07/2024,380.8143362,376.07336,,,
7/07/2024,380.7386159,375.61108,,,
8/07/2024,380.6607036,375.39862,,,
9/07/2024,380.5804653,375.35016,,,
10/07/2024,380.4966708,375.2489,,,
11/07/2024,380.4092184,374.79803,,,
12/07/2024,380.3235985,374.73868,,,
13/07/2024,380.239876,374.39514,,,
14/07/2024,380.1581164,375.3988,,,
15/07/2024,380.0783852,375.50018,,,
16/07/2024,380.0007485,375.77097,,,
17/07/2024,379.9252726,376.37195,,,
18/07/2024,379.8520239,376.63098,,,
19/07/2024,379.7810695,377.31305,,,
20/07/2024,379.7124765,378.2328,,,
21/07/2024,379.6463123,378.19092,,,
22/07/2024,379.5826449,378.29706,,,
23/07/2024,379.5215422,378.1804,,,
24/07/2024,379.4630727,377.8996,,,
25/07/2024,379.4073051,377.8999,,,
26/07/2024,379.3543084,377.4505,,,
27/07/2024,379.3041519,377.07462,,,
28/07/2024,379.2534973,377.42578,,,
29/07/2024,379.2023122,376.59485,,,
30/07/2024,379.1505638,376.26077,,,
31/07/2024,379.0982191,375.95947,,,
1/08/2024,379.0452447,376.16583,,,
2/08/2024,378.9916069,375.9808,,,
3/08/2024,378.9372718,375.52094,,,
4/08/2024,378.8822051,375.29736,,,
5/08/2024,378.8336418,374.95984,,,
6/08/2024,378.7917652,374.95868,,,
7/08/2024,378.7567597,375.00253,,,
8/08/2024,378.7288108,375.32874,,,
9/08/2024,378.7081047,374.84552,,,
10/08/2024,378.694829,375.3161,,,
11/08/2024,378.6881205,375.09665,,,
12/08/2024,378.6882007,375.0449,,,
13/08/2024,378.6816221,374.93185,,,
14/08/2024,378.6681975,375.30145,,,
15/08/2024,378.6477379,374.60883,,,
16/08/2024,378.6200525,374.18985,,,
17/08/2024,378.5849491,374.8568,,,
18/08/2024,378.5422336,375.21606,,,
19/08/2024,378.4917103,376.1879,,,
20/08/2024,378.433182,375.9135,,,
21/08/2024,378.3808137,375.7768,,,
22/08/2024,378.334836,375.52176,,,
23/08/2024,378.2954807,375.5229,,,
24/08/2024,378.2629803,375.59717,,,
25/08/2024,378.2375681,375.90106,,,
26/08/2024,378.2194788,376.1985,,,
27/08/2024,378.2195106,376.3096,,,
28/08/2024,378.2204128,376.34677,,,
29/08/2024,378.222433,377.0365,,,
30/08/2024,378.2255712,377.1779,,,
31/08/2024,378.2298275,377.08475,,,
1/09/2024,378.2352018,377.40228,,,
2/09/2024,378.2416941,377.6266,,,
3/09/2024,378.2493045,377.8222,,,
4/09/2024,378.2580329,377.8836,,,
5/09/2024,378.2678793,377.74948,,,
6/09/2024,378.2788438,377.4057,,,
7/09/2024,378.2909263,377.22577,,,
8/09/2024,378.3041268,376.9173,,,
9/09/2024,378.3184454,376.40796,,,
10/09/2024,378.333882,375.94122,,,
11/09/2024,378.3504367,375.40695,,,
12/09/2024,378.3681093,375.1903,,,
13/09/2024,378.3869,374.94278,,,
14/09/2024,378.4068088,374.31494,,,
15/09/2024,378.4278355,374.2906,,,
16/09/2024,378.4499803,373.22702,,,
17/09/2024,378.4732431,374.07748,,,
18/09/2024,378.497624,374.34018,,,
19/09/2024,378.5231229,374.0603,,,
20/09/2024,378.5497398,374.28055,,,
21/09/2024,378.5774748,374.41257,,,
22/09/2024,378.6063278,374.58917,,,
23/09/2024,378.6362988,374.64722,,,
24/09/2024,378.6673879,373.98773,,,
25/09/2024,378.699595,374.00287,,,
26/09/2024,378.7329201,374.08377,,,
27/09/2024,378.7673633,374.73102,,,
28/09/2024,378.8029245,375.20337,,,
29/09/2024,378.8396037,375.13754,,,
30/09/2024,378.8774009,374.69778,,,
1/10/2024,378.9163162,374.4287,,,
2/10/2024,378.9563496,374.85458,,,
3/10/2024,378.9975009,374.51917,,,
4/10/2024,379.0397703,374.09653,,,
5/10/2024,379.0831577,373.43347,,,
6/10/2024,379.1276632,372.95596,,,
7/10/2024,379.1732867,372.3993,,,
8/10/2024,379.2200282,372.04266,,,
9/10/2024,379.2678877,371.34723,,,
10/10/2024,379.3168653,371.79526,,,
11/10/2024,379.3669609,372.15643,,,
12/10/2024,379.4181746,372.5727,,,
13/10/2024,379.4705063,372.78027,,,
14/10/2024,379.523956,371.98642,,,
15/10/2024,379.5785237,372.4178,,,
16/10/2024,379.6342095,372.67706,,,
17/10/2024,379.6910133,372.9273,,,
18/10/2024,379.7489352,372.96973,,,
19/10/2024,379.8079751,372.20734,,,
20/10/2024,379.868133,373.15564,,,
21/10/2024,379.9294089,374.96735,,,
22/10/2024,379.9918029,375.84595,,,
23/10/2024,380.0553149,376.3463,,,
24/10/2024,380.119945,376.3451,,,
25/10/2024,380.185693,376.4818,,,
26/10/2024,380.2525592,376.16467,,,
27/10/2024,380.3205433,375.80664,,,
28/10/2024,380.3896455,376.2337,,,
29/10/2024,380.4598657,376.33478,,,
30/10/2024,380.5312039,376.30408,,,
31/10/2024,380.6036602,376.3028,,,
1/11/2024,380.6772345,376.68372,,,
2/11/2024,380.7519269,377.5291,,,
3/11/2024,380.8277372,377.39923,,,
4/11/2024,380.9046656,376.9228,,,
5/11/2024,380.9827121,376.32834,,,
6/11/2024,381.0618765,375.4535,,,
7/11/2024,381.142159,374.83493,,,
8/11/2024,381.2235596,374.6776,,,
9/11/2024,381.3060782,374.52728,,,
10/11/2024,381.3897148,374.49893,,,
11/11/2024,381.4744694,374.93112,,,
12/11/2024,381.5603421,375.05698,,,
13/11/2024,381.6473328,375.49902,,,
14/11/2024,381.7354415,375.62976,,,
15/11/2024,381.8246683,375.5343,,,
16/11/2024,381.9150131,375.10873,,,
17/11/2024,382.0064759,375.1518,,,
18/11/2024,382.0990568,375.31122,,,
19/11/2024,382.1927557,375.7336,,,
20/11/2024,382.2875726,376.5094,,,
21/11/2024,382.3835076,376.90146,,,
22/11/2024,382.4805605,377.0696,,,
23/11/2024,382.5787316,377.9455,,,
24/11/2024,382.6780206,378.9273,,,
25/11/2024,382.7784277,379.92276,,,
26/11/2024,382.8799529,380.85538,,,
27/11/2024,382.982596,381.42764,,,
28/11/2024,383.0863572,381.55746,,,
29/11/2024,383.1912364,381.38318,,,
30/11/2024,383.2972337,381.25208,,,
1/12/2024,383.404349,380.91116,,,
2/12/2024,383.5125823,380.84277,,,
3/12/2024,383.6219337,381.06653,,,
4/12/2024,383.7324031,381.64664,,,
5/12/2024,383.8439905,381.95374,,,
6/12/2024,383.9566959,381.93137,,,
7/12/2024,384.0705194,381.52127,,,
8/12/2024,384.185461,381.1042,,,
9/12/2024,384.3015205,381.0578,,,
10/12/2024,384.4186981,381.02338,,,
11/12/2024,384.5369937,380.8061,,,
12/12/2024,384.6564074,380.49472,,,
13/12/2024,384.7769391,380.15048,,,
14/12/2024,384.8985888,379.92297,,,
15/12/2024,385.0213565,380.91632,,,
16/12/2024,385.1452423,381.61414,,,
17/12/2024,385.2702461,382.05573,,,
18/12/2024,385.396368,382.4627,,,
19/12/2024,385.5236079,382.47845,,,
20/12/2024,385.6519658,382.4889,,,
21/12/2024,385.7814417,382.5683,,,
22/12/2024,385.9120357,382.63593,,,
23/12/2024,386.0437477,382.70978,,,
24/12/2024,386.1765778,382.89545,,,
25/12/2024,386.3105258,383.1599,,,
26/12/2024,386.445592,383.36096,,,
27/12/2024,386.5817761,383.42847,,,
28/12/2024,386.7190783,383.59464,,,
29/12/2024,386.8574985,383.89206,,,
30/12/2024,386.9970367,383.9826,,,
31/12/2024,387.137693,383.51306,,,
1/01/2025,387.2794673,383.11996,,,
2/01/2025,387.4223597,382.98636,,,
3/01/2025,387.56637,382.8598,,,
4/01/2025,387.7114984,382.5704,,,
5/01/2025,387.8577449,382.29388,,,
6/01/2025,388.0051093,382.4773,,,
7/01/2025,388.1535919,382.23853,,,
8/01/2025,388.3031924,382.10748,,,
9/01/2025,388.453911,382.25787,,,
10/01/2025,388.6057476,382.60913,,,
11/01/2025,388.7587022,382.42383,,,
12/01/2025,388.9127749,382.70795,,,
13/01/2025,389.0679656,382.41116,,,
14/01/2025,389.2242743,382.1151,,,
15/01/2025,389.3817011,382.50952,,,
16/01/2025,389.5402459,383.29517,,,
17/01/2025,389.6999087,384.5402,,,
18/01/2025,389.8606896,385.35745,,,
19/01/2025,390.0225885,386.05908,,,
20/01/2025,390.1856054,386.36,,,
21/01/2025,390.3497404,386.93463,,,
22/01/2025,390.5149934,387.23798,,,
23/01/2025,390.6813644,388.0779,,,
24/01/2025,390.8488535,388.927,,,
25/01/2025,391.0174606,389.8059,,,
26/01/2025,391.1871857,390.1635,,,
27/01/2025,391.3580289,390.87897,,,
28/01/2025,391.52999,391.38452,,,
29/01/2025,391.7030693,391.90616,,,
30/01/2025,391.8772665,391.87576,,,
31/01/2025,392.0525818,391.37518,,,
1/02/2025,392.2290152,390.82666,,,
2/02/2025,392.4065665,390.45087,,,
3/02/2025,392.5852359,390.51074,,,
4/02/2025,392.7650233,390.80032,,,
5/02/2025,392.9459288,390.93637,,,
6/02/2025,393.1279523,391.1867,,,
7/02/2025,393.3110938,391.0328,,,
